{
  "loss": [
    1.3266252279281616,
    1.1516810655593872,
    0.9953711032867432,
    0.9317106604576111,
    0.8642202019691467,
    0.8229399919509888,
    0.8039703369140625,
    0.7865666747093201,
    0.7406205534934998,
    0.7481313347816467,
    0.6975719332695007,
    0.6608344912528992,
    0.6251768469810486,
    0.6262977123260498,
    0.6047097444534302,
    0.5752742290496826,
    0.5690979957580566,
    0.5563108325004578,
    0.5177885293960571,
    0.4878653585910797,
    0.4548051357269287,
    0.4384414255619049
  ],
  "accuracy": [
    0.5007622241973877,
    0.5716463327407837,
    0.6227133870124817,
    0.6394817233085632,
    0.6554877758026123,
    0.6791158318519592,
    0.6882622241973877,
    0.6996951103210449,
    0.7149389982223511,
    0.707317054271698,
    0.7263719439506531,
    0.7469512224197388,
    0.7439024448394775,
    0.7461889982223511,
    0.7507622241973877,
    0.769817054271698,
    0.7751524448394775,
    0.7789633870124817,
    0.78125,
    0.7942073345184326,
    0.8201219439506531,
    0.8269817233085632
  ],
  "val_loss": [
    1.3660526275634766,
    1.0244559049606323,
    1.0527191162109375,
    0.8522471785545349,
    0.8395476937294006,
    0.8001668453216553,
    0.8464484810829163,
    0.7934467196464539,
    0.8509395122528076,
    0.813694179058075,
    0.8481208086013794,
    0.787300169467926,
    0.8878811001777649,
    0.8093293905258179,
    0.939726710319519,
    0.994385838508606,
    0.7994514107704163,
    0.8324264883995056,
    0.804682195186615,
    0.8766629099845886,
    0.801932156085968,
    0.8924484848976135
  ],
  "val_accuracy": [
    0.3723404109477997,
    0.5531914830207825,
    0.5957446694374084,
    0.6303191781044006,
    0.6515957713127136,
    0.664893627166748,
    0.6808510422706604,
    0.6781914830207825,
    0.6170212626457214,
    0.646276593208313,
    0.6622340679168701,
    0.6569148898124695,
    0.6702127456665039,
    0.6728723645210266,
    0.625,
    0.6329787373542786,
    0.6808510422706604,
    0.6781914830207825,
    0.667553186416626,
    0.664893627166748,
    0.6728723645210266,
    0.6728723645210266
  ],
  "lr": [
    0.0010000000474974513,
    0.0010000000474974513,
    0.0010000000474974513,
    0.0010000000474974513,
    0.0010000000474974513,
    0.0010000000474974513,
    0.0010000000474974513,
    0.0010000000474974513,
    0.0010000000474974513,
    0.0010000000474974513,
    0.0010000000474974513,
    0.0010000000474974513,
    0.0010000000474974513,
    0.0010000000474974513,
    0.0010000000474974513,
    0.0010000000474974513,
    0.0010000000474974513,
    0.0005000000237487257,
    0.0005000000237487257,
    0.0005000000237487257,
    0.0005000000237487257,
    0.0005000000237487257
  ]
}