{
  "train_loss": [
    0.9170003465009138,
    0.6517050086780599,
    0.523279003889814,
    0.42978223949673566,
    0.3504615000236814,
    0.3083581614472686,
    0.25501456285675933,
    0.23151616317443782,
    0.20162660793409015,
    0.17914393185573307,
    0.1714745829150429,
    0.1526210742806585,
    0.14865810070042945,
    0.13206259903379142,
    0.11557021647078647,
    0.1146295981750934,
    0.10493547205073667,
    0.102398187982479,
    0.09195804186418471,
    0.08541301433227587,
    0.08189725393574519,
    0.07116139522542736,
    0.07567318321525479,
    0.0682773837233837,
    0.06482221846643256
  ],
  "train_acc": [
    0.36554035185702316,
    0.5034906450712091,
    0.5785162431350647,
    0.6403239318626082,
    0.6913338918365447,
    0.725868007074374,
    0.7605882900493345,
    0.771479102671507,
    0.7960532439728195,
    0.8089919017034348,
    0.8221167271711812,
    0.8346830494275342,
    0.833845294610444,
    0.8514381457693382,
    0.8610257842315927,
    0.8634459648142977,
    0.872847435539421,
    0.8808526482360607,
    0.8912780415154054,
    0.8953737317322908,
    0.899748673554873,
    0.9099878990970864,
    0.9073815507772504,
    0.9157590989481523,
    0.9215302987992181
  ],
  "val_loss": [
    1.3359683571817569,
    1.21474827717592,
    1.0329230081541605,
    1.0293357466300848,
    0.9343127612714415,
    0.7581467275266294,
    0.773360313828994,
    0.7285639055673853,
    0.7131279899923371,
    0.7173480643426151,
    0.6999558030779844,
    0.7513003977035905,
    0.6914016727528541,
    0.687777965338921,
    0.6939772770815166,
    0.6873323737795836,
    0.6815172332694068,
    0.7325607826377312,
    0.7365395565957545,
    0.7602811350671814,
    0.7831909838325317,
    0.7768807255624426,
    0.7534048098884117,
    0.7691468037551265,
    0.7516359288967772
  ],
  "val_acc": [
    0.15511982570806102,
    0.21263616557734205,
    0.2962962962962963,
    0.3437908496732026,
    0.4305010893246187,
    0.5281045751633987,
    0.5172113289760348,
    0.5694989106753813,
    0.6100217864923747,
    0.6061002178649237,
    0.6095860566448802,
    0.6139433551198257,
    0.6701525054466231,
    0.644880174291939,
    0.6919389978213507,
    0.7215686274509804,
    0.6880174291938997,
    0.6601307189542484,
    0.7193899782135076,
    0.739433551198257,
    0.7202614379084967,
    0.7481481481481481,
    0.7542483660130719,
    0.7429193899782135,
    0.7677559912854031
  ]
}