{
  "resnet50": {
    "model": "ResNet50 (Video_SilentCare_model.pth)",
    "num_test_samples": 3068,
    "accuracy": 0.7623859191655802,
    "f1_macro": 0.7656310599650207,
    "f1_weighted": 0.7676843740082104,
    "per_class": {
      "DISTRESS": {
        "precision": 0.58195211786372,
        "recall": 0.8876404494382022,
        "f1": 0.7030033370411568,
        "support": 712
      },
      "ANGRY": {
        "precision": 0.6816143497757847,
        "recall": 0.9382716049382716,
        "f1": 0.7896103896103895,
        "support": 162
      },
      "ALERT": {
        "precision": 0.6652452025586354,
        "recall": 0.9483282674772037,
        "f1": 0.7819548872180452,
        "support": 329
      },
      "CALM": {
        "precision": 0.9635658914728682,
        "recall": 0.6664879356568365,
        "f1": 0.7879556259904913,
        "support": 1865
      }
    },
    "avg_inference_time_ms": 40.43096147327254
  },
  "vit_huggingface": {
    "model": "ViT (trpakov/vit-face-expression)",
    "dataset": "FER-2013 test",
    "num_test_samples": 7178,
    "accuracy": 0.7813,
    "f1_macro": 0.7613,
    "f1_weighted": 0.7639,
    "per_class": {
      "DISTRESS": {
        "precision": 0.7278,
        "recall": 0.7552,
        "f1": 0.7412,
        "support": 2382
      },
      "ANGRY": {
        "precision": 0.6348,
        "recall": 0.6367,
        "f1": 0.6357,
        "support": 958
      },
      "ALERT": {
        "precision": 0.8327,
        "recall": 0.8026,
        "f1": 0.8174,
        "support": 831
      },
      "CALM": {
        "precision": 0.8601,
        "recall": 0.842,
        "f1": 0.8509,
        "support": 3007
      }
    },
    "avg_inference_time_ms": 117.6
  },
  "vit_huggingface_rafdb": {
    "model": "ViT (trpakov/vit-face-expression) on RAF-DB",
    "dataset": "RAF-DB test",
    "num_test_samples": 3068,
    "accuracy": 0.7229465449804433,
    "f1_macro": 0.617240913431152,
    "avg_inference_time_ms": 115.15416730769222
  },
  "best_model": "vit_huggingface"
}