{
  "resnet50": {
    "model": "ResNet50 (Video_SilentCare_model.pth)",
    "num_test_samples": 3068,
    "accuracy": 0.7623859191655802,
    "f1_macro": 0.7656310599650207,
    "f1_weighted": 0.7676843740082104,
    "per_class": {
      "DISTRESS": {
        "precision": 0.58195211786372,
        "recall": 0.8876404494382022,
        "f1": 0.7030033370411568,
        "support": 712
      },
      "ANGRY": {
        "precision": 0.6816143497757847,
        "recall": 0.9382716049382716,
        "f1": 0.7896103896103895,
        "support": 162
      },
      "ALERT": {
        "precision": 0.6652452025586354,
        "recall": 0.9483282674772037,
        "f1": 0.7819548872180452,
        "support": 329
      },
      "CALM": {
        "precision": 0.9635658914728682,
        "recall": 0.6664879356568365,
        "f1": 0.7879556259904913,
        "support": 1865
      }
    },
    "avg_inference_time_ms": 40.43096147327254
  },
  "vit_huggingface": {
    "model": "ViT (trpakov/vit-face-expression)",
    "num_test_samples": 3068,
    "accuracy": 0.7229465449804433,
    "f1_macro": 0.617240913431152,
    "f1_weighted": 0.7309883892139826,
    "per_class": {
      "DISTRESS": {
        "precision": 0.5387131952017448,
        "recall": 0.6938202247191011,
        "f1": 0.6065070595457336,
        "support": 712
      },
      "ANGRY": {
        "precision": 0.36176470588235293,
        "recall": 0.7592592592592593,
        "f1": 0.4900398406374502,
        "support": 162
      },
      "ALERT": {
        "precision": 0.9465648854961832,
        "recall": 0.3768996960486322,
        "f1": 0.5391304347826087,
        "support": 329
      },
      "CALM": {
        "precision": 0.8791666666666667,
        "recall": 0.7919571045576408,
        "f1": 0.8332863187588153,
        "support": 1865
      }
    },
    "avg_inference_time_ms": 115.15416730769222
  },
  "best_model": "resnet50"
}