{
  "methodology": "synthetic intra-class pairing",
  "random_state": 42,
  "note": "Audio and video predictions are paired within the same class (intra-class random pairing). This simulates simultaneous audio+video capture where both modalities observe the same emotional state. Ground truth labels are shared (same class). This is methodologically valid as an ablation study to compare fusion strategies, but does NOT represent real paired audio-video recordings.",
  "audio_source": "Audio_SilentCare_model.h5 on audio_dataset test split (20%, rs=42)",
  "video_source": "Video_SilentCare_model.pth (ResNet50) on RAF-DB test partition",
  "fusion_weights": {
    "audio": 0.3,
    "video": 0.7,
    "agreement_boost": 1.3,
    "uncertainty_threshold": 0.3
  },
  "num_paired_samples": 376,
  "pairs_per_class": {
    "DISTRESS": 135,
    "ANGRY": 80,
    "ALERT": 80,
    "CALM": 81
  },
  "results": [
    {
      "config": "Audio Only",
      "num_samples": 376,
      "accuracy": 0.7101063829787234,
      "f1_macro": 0.6994385839946426,
      "f1_weighted": 0.7195349287315744,
      "per_class": {
        "DISTRESS": {
          "precision": 0.98989898989899,
          "recall": 0.725925925925926,
          "f1": 0.8376068376068376,
          "support": 135
        },
        "ANGRY": {
          "precision": 0.7272727272727273,
          "recall": 0.7,
          "f1": 0.7133757961783439,
          "support": 80
        },
        "ALERT": {
          "precision": 0.5697674418604651,
          "recall": 0.6125,
          "f1": 0.5903614457831327,
          "support": 80
        },
        "CALM": {
          "precision": 0.5614035087719298,
          "recall": 0.7901234567901234,
          "f1": 0.6564102564102564,
          "support": 81
        }
      }
    },
    {
      "config": "Video Only",
      "num_samples": 376,
      "accuracy": 0.8617021276595744,
      "f1_macro": 0.8612786340395951,
      "f1_weighted": 0.8602894339395094,
      "per_class": {
        "DISTRESS": {
          "precision": 0.8321678321678322,
          "recall": 0.8814814814814815,
          "f1": 0.8561151079136691,
          "support": 135
        },
        "ANGRY": {
          "precision": 0.9367088607594937,
          "recall": 0.925,
          "f1": 0.9308176100628932,
          "support": 80
        },
        "ALERT": {
          "precision": 0.8588235294117647,
          "recall": 0.9125,
          "f1": 0.8848484848484848,
          "support": 80
        },
        "CALM": {
          "precision": 0.8405797101449275,
          "recall": 0.7160493827160493,
          "f1": 0.7733333333333333,
          "support": 81
        }
      }
    },
    {
      "config": "SilentCare Fusion\n(0.30/0.70 + adaptive)",
      "num_samples": 376,
      "accuracy": 0.8962765957446809,
      "f1_macro": 0.8950668713093932,
      "f1_weighted": 0.8957850311510072,
      "per_class": {
        "DISTRESS": {
          "precision": 0.8913043478260869,
          "recall": 0.9111111111111111,
          "f1": 0.9010989010989011,
          "support": 135
        },
        "ANGRY": {
          "precision": 0.9493670886075949,
          "recall": 0.9375,
          "f1": 0.9433962264150944,
          "support": 80
        },
        "ALERT": {
          "precision": 0.8809523809523809,
          "recall": 0.925,
          "f1": 0.9024390243902439,
          "support": 80
        },
        "CALM": {
          "precision": 0.8666666666666667,
          "recall": 0.8024691358024691,
          "f1": 0.8333333333333334,
          "support": 81
        }
      }
    }
  ]
}