{
  "model": "Audio_SilentCare (YAMNet + Classification Head)",
  "test_size": 0.2,
  "random_state": 42,
  "num_test_samples": 376,
  "accuracy": 0.7101063829787234,
  "f1_macro": 0.6994385839946426,
  "f1_weighted": 0.7195349287315744,
  "per_class": {
    "DISTRESS": {
      "precision": 0.98989898989899,
      "recall": 0.725925925925926,
      "f1": 0.8376068376068376,
      "support": 135
    },
    "ANGRY": {
      "precision": 0.7272727272727273,
      "recall": 0.7,
      "f1": 0.7133757961783439,
      "support": 80
    },
    "ALERT": {
      "precision": 0.5697674418604651,
      "recall": 0.6125,
      "f1": 0.5903614457831327,
      "support": 80
    },
    "CALM": {
      "precision": 0.5614035087719298,
      "recall": 0.7901234567901234,
      "f1": 0.6564102564102564,
      "support": 81
    }
  },
  "training_history_available": true
}